Temperature,Humidity,BuildingArea,Occupants,ApplianceCount,IsWeekend,AC_Usage_Hours,ElectricityConsumption
25.11,73.08,1796.48,6,3,1,0.0,13.02
40.67,21.72,694.02,6,18,1,8.38,31.07
34.76,21.55,2079.48,8,6,1,5.19,25.66
31.16,42.65,1675.99,5,15,0,4.58,23.82
19.21,54.21,3176.19,3,4,1,0.0,15.79
19.21,73.93,2883.69,3,6,1,0.0,16.03
16.57,67.83,1894.83,6,17,0,0.0,18.31
38.39,51.21,1293.36,2,19,0,8.17,29.57
31.23,39.15,4450.95,6,18,0,2.99,32.67
34.12,89.8,2261.41,6,12,1,8.87,33.46
15.56,49.83,3221.92,8,18,0,0.0,24.15
41.19,51.6,976.27,7,17,1,4.51,25.93
37.48,31.45,2390.92,8,3,0,5.57,26.42
20.73,75.64,512.9,9,5,1,0.0,11.46
19.91,68.56,2472.37,6,8,0,0.0,15.99
19.95,35.45,4352.47,3,3,0,3.18,23.65
23.21,25.77,1975.25,3,7,0,2.48,17.08
29.17,67.63,559.88,1,18,0,4.12,18.53
26.66,65.82,526.92,5,8,1,2.55,13.53
22.86,39.13,1990.75,4,6,0,0.0,12.48
31.52,86.56,1056.1,9,6,0,2.87,17.93
18.77,30.57,495.74,9,17,0,1.27,16.4
22.89,50.26,3500.48,5,10,0,0.0,20.0
24.89,86.05,2279.94,4,6,0,0.0,14.01
27.31,49.38,1585.9,7,9,0,1.98,18.41
36.2,64.7,4090.34,6,10,1,5.12,33.23
20.39,47.83,876.17,4,6,0,0.4,10.35
28.88,39.2,4319.27,2,11,1,4.42,30.57
31.0,88.88,1687.26,1,3,1,4.94,19.31
16.25,48.65,4042.46,4,10,0,0.0,21.59
31.4,82.59,2872.07,4,12,0,6.19,28.16
19.6,36.1,3789.5,1,5,0,0.0,17.32
16.76,34.92,4434.45,6,3,1,0.0,22.2
40.62,22.18,1582.46,4,7,1,8.13,28.16
41.07,65.62,4340.66,1,15,0,4.54,33.7
36.83,45.8,1996.88,1,2,1,2.6,17.37
23.22,80.51,1980.6,1,19,0,0.0,16.93
17.64,53.12,1795.59,8,8,1,0.0,16.42
33.47,87.77,2619.77,8,2,1,6.0,27.16
26.88,32.99,1031.99,2,2,0,1.07,8.22
18.3,80.8,2670.22,7,2,0,0.0,15.0
28.37,74.36,2620.99,8,5,0,1.57,20.24
15.93,73.96,3523.8,8,5,0,0.88,20.74
39.55,79.13,3817.96,7,19,1,6.54,39.26
21.99,73.27,2205.81,5,12,0,0.3,16.69
32.89,63.84,1639.57,1,2,0,4.08,17.17
23.42,29.19,1463.27,9,11,0,3.72,22.03
29.04,22.28,1197.96,7,10,1,1.52,17.02
29.76,84.46,636.36,2,5,0,5.88,16.96
19.99,63.17,1804.04,6,7,0,0.42,14.17
41.18,75.76,1508.02,2,17,0,6.74,28.42
35.93,53.71,4362.31,1,3,1,10.31,36.9
40.37,28.21,2686.61,7,19,1,4.68,33.27
39.16,28.76,1823.84,2,11,0,5.68,24.96
31.14,67.99,2779.92,2,18,0,1.25,23.74
39.89,50.12,970.71,5,14,0,8.54,28.71
17.39,34.04,2220.58,5,19,0,2.51,22.58
20.29,54.41,2967.56,7,14,0,3.44,25.99
16.22,24.49,2404.48,1,18,1,1.19,19.67
23.78,60.74,2047.29,8,6,0,0.87,15.93
25.49,38.83,4474.78,3,12,1,1.1,25.37
22.33,75.83,4009.29,4,8,0,0.0,20.2
37.38,41.73,2955.96,9,11,0,9.86,37.64
24.63,51.87,2734.45,4,18,1,2.48,25.05
22.59,20.81,2944.71,5,16,0,0.0,20.51
29.65,25.07,1225.38,7,19,0,5.87,26.85
18.8,47.47,2020.06,4,3,0,0.0,12.29
36.66,53.6,561.78,1,5,0,6.37,17.95
17.01,62.0,2349.74,9,4,0,0.0,15.83
41.65,40.42,2626.4,4,8,0,8.49,32.17
35.85,68.65,1333.77,9,19,1,5.16,28.47
20.37,80.21,4352.52,6,11,0,0.0,22.95
15.15,74.59,4128.76,1,8,1,0.0,20.4
37.02,22.77,3360.79,3,9,0,7.77,32.56
34.09,53.64,2586.89,2,7,1,4.64,24.82
34.68,27.35,3966.87,9,2,0,6.44,32.19
35.82,36.94,935.67,1,5,1,3.18,15.69
17.0,89.07,3641.09,9,15,0,0.0,24.56
24.68,29.97,911.77,9,18,0,0.31,17.32
18.13,54.92,3656.26,8,19,0,0.87,27.76
38.3,63.27,1530.65,8,12,0,6.16,26.96
31.83,69.17,3996.07,1,15,0,5.32,31.34
23.93,59.18,4270.57,8,10,0,3.49,30.32
16.72,20.68,1010.06,3,16,0,0.29,13.81
23.4,42.85,2296.97,7,13,1,1.68,22.33
23.78,56.24,4422.05,1,11,0,0.0,21.39
34.7,26.15,2381.97,1,7,0,4.89,22.51
32.21,44.54,3940.54,5,7,1,3.01,27.2
38.95,22.32,2813.8,5,9,0,5.63,27.83
27.75,25.5,1938.85,8,2,0,1.83,16.1
18.23,47.78,1571.71,7,18,0,0.0,17.5
34.26,29.29,1233.21,8,18,1,0.84,21.55
35.54,59.73,3523.37,6,16,1,3.84,32.17
30.15,68.26,1984.82,6,8,1,3.77,22.43
35.82,76.04,2496.23,2,4,0,2.58,19.28
28.33,34.01,2418.53,6,12,1,2.81,23.48
29.11,31.72,2766.84,5,10,0,6.84,29.28
26.54,27.32,3948.87,3,11,0,4.23,27.72
15.69,64.55,4421.03,6,3,0,1.85,23.73
17.91,69.45,2071.1,8,2,0,0.09,13.73
15.85,22.21,3792.83,9,17,0,0.95,27.64
32.18,85.53,3534.56,1,19,0,2.61,27.07
23.49,23.64,2751.47,3,18,0,0.0,20.26
28.73,57.89,4319.79,3,7,0,0.0,20.99
39.5,69.63,1221.95,8,15,1,8.87,32.65
21.73,80.97,847.98,1,16,0,3.66,17.49
26.08,69.99,3901.24,5,15,1,0.92,25.87
35.4,76.12,2200.51,3,4,0,4.63,21.27
21.18,43.76,3872.57,2,13,1,0.0,22.26
17.08,77.04,4061.67,8,3,0,0.0,20.5
22.82,25.61,656.08,3,4,0,3.19,11.99
19.35,82.64,4022.21,7,19,0,0.0,27.07
40.1,58.33,2238.11,1,2,0,7.52,25.68
36.82,77.21,2492.77,6,7,1,5.05,27.48
32.1,51.66,2969.03,3,6,0,4.26,23.5
38.53,65.05,4198.17,8,2,0,7.09,34.63
36.7,56.85,478.38,6,2,1,5.19,17.94
20.04,71.21,2355.06,2,17,0,0.0,17.29
39.1,25.71,3219.66,6,13,0,5.94,31.72
29.56,24.22,3363.1,7,9,0,5.13,29.58
36.8,37.3,3239.38,5,17,0,6.44,33.77
39.19,31.17,951.18,3,2,0,6.84,20.52
23.59,81.02,1627.52,4,5,0,0.0,11.06
17.97,35.34,1870.73,4,11,1,0.0,15.71
21.15,88.31,3698.19,6,12,0,2.18,25.25
26.53,43.58,1542.92,1,18,0,2.25,18.01
37.09,32.75,1263.89,4,8,0,7.01,24.53
38.24,75.28,4325.54,4,13,1,9.61,40.91
15.19,66.11,436.34,1,8,1,0.47,8.33
28.79,54.87,4491.07,9,13,0,3.12,31.26
26.27,58.88,3174.97,4,16,1,1.07,23.07
21.0,70.34,3796.72,7,3,0,0.0,19.43
18.24,35.99,1607.94,3,15,0,0.0,14.07
24.12,89.74,458.69,3,14,0,0.72,11.12
40.46,88.24,3425.27,8,5,0,7.6,33.91
23.73,65.52,3819.99,8,15,0,0.93,25.92
29.01,33.97,3435.95,1,15,1,2.36,25.89
33.98,67.62,985.69,2,17,0,1.1,17.27
24.82,25.05,3489.05,8,8,1,0.0,21.28
41.24,22.15,3552.58,1,3,0,8.03,31.06
40.99,38.04,3100.02,8,11,0,10.43,39.87
21.8,52.38,3541.08,8,19,0,0.4,25.77
28.43,80.78,3868.28,2,18,0,3.46,28.38
23.12,70.9,2915.78,4,6,0,2.95,20.53
22.69,71.99,763.28,6,13,0,0.0,12.68
16.0,49.78,2399.27,9,7,0,0.0,17.12
31.46,44.22,718.36,8,10,0,2.34,17.37
28.57,45.97,2070.93,8,2,1,4.59,21.8
16.39,89.14,2069.14,7,16,0,0.0,18.34
22.52,22.81,670.64,9,7,0,1.44,13.74
39.52,80.69,1830.16,2,19,0,4.94,27.17
21.47,60.51,855.09,3,7,1,1.9,12.33
18.91,50.7,3713.76,8,14,1,3.81,30.86
28.22,70.77,4285.52,6,2,0,0.72,21.1
41.61,54.07,696.5,9,14,0,6.52,27.3
21.54,81.14,4315.97,4,8,0,0.98,22.95
33.15,83.05,2542.56,8,16,1,5.96,31.98
35.56,49.52,1628.22,3,13,0,4.07,22.12
21.42,39.38,715.13,3,2,0,0.0,7.43
34.66,61.46,2452.56,8,16,0,7.61,33.58
24.93,83.87,3657.51,5,5,0,3.16,24.41
32.07,34.75,3299.05,3,14,1,0.54,23.29
32.11,63.61,605.93,1,6,0,2.82,12.61
29.47,64.21,698.9,3,3,0,6.29,17.55
17.44,71.32,2051.78,9,2,0,2.04,18.21
37.55,29.21,1610.69,5,17,1,7.73,31.17
23.66,70.11,1352.78,2,7,1,0.87,11.96
20.04,83.63,1552.12,7,17,0,0.18,17.44
16.1,32.58,3694.28,2,15,0,0.0,21.33
30.95,36.63,4209.84,4,4,1,5.91,29.8
33.29,88.0,2060.92,7,16,0,2.68,24.46
15.45,32.67,4115.06,4,4,0,0.0,19.99
28.83,79.81,1718.13,7,3,0,4.96,20.7
21.12,54.46,2353.39,7,2,1,0.28,15.25
32.42,37.31,1326.72,1,10,0,6.9,22.5
19.71,80.95,3025.95,6,10,1,0.0,20.25
33.66,51.17,4413.82,9,8,0,4.44,32.48
25.44,56.04,2874.32,2,4,0,0.0,15.01
40.29,45.15,1867.04,3,19,0,6.78,31.32
18.71,61.51,3056.05,5,12,0,0.0,19.59
24.21,31.45,903.97,9,8,0,0.43,13.35
18.06,47.38,4043.5,4,10,0,0.0,21.89
39.97,87.86,2462.64,1,2,0,8.04,27.01
38.69,38.07,2242.33,4,15,1,7.66,32.18
21.96,65.97,2802.05,6,7,1,0.0,17.73
32.82,42.76,2961.61,5,8,0,6.94,29.02
37.06,74.14,694.28,1,11,0,10.68,27.82
29.99,29.16,3198.73,4,8,0,3.42,24.26
29.3,87.89,1391.92,6,3,0,1.82,13.89
21.53,51.77,3327.21,4,5,1,6.16,26.95
17.51,36.52,3772.39,9,18,0,0.0,25.74
39.22,25.14,3696.23,5,2,0,6.45,29.78
39.31,31.88,2665.25,8,11,1,6.8,33.36
32.09,56.38,2532.7,9,16,0,6.72,32.55
24.15,43.59,985.79,5,11,0,2.1,15.22
24.43,78.02,3578.92,6,13,0,0.48,22.2
34.6,50.16,1512.78,1,17,0,2.96,20.78
39.22,37.41,2436.45,7,10,0,5.72,29.03
38.95,63.2,1565.52,4,16,1,4.3,25.37
36.06,69.47,948.7,2,18,1,5.45,24.47
32.33,31.69,2981.19,5,15,0,2.98,26.45
17.27,31.73,622.76,3,19,1,0.0,13.65
19.36,22.57,3469.45,6,3,0,2.3,20.62
39.26,71.55,1702.11,8,5,1,5.42,26.19
31.37,66.47,400.55,7,19,0,1.25,17.34
15.25,53.22,2495.63,3,8,1,0.0,15.78
17.74,79.09,592.09,8,14,1,0.0,14.78
32.91,76.4,1532.3,2,16,0,0.81,18.72
15.14,60.97,3298.6,9,2,1,0.0,18.6
19.34,80.78,657.03,4,12,1,0.0,11.97
29.82,34.41,3841.29,1,11,1,6.69,31.23
33.68,27.83,415.66,8,6,0,5.61,19.72
32.6,38.88,1411.98,7,17,1,3.4,24.14
21.06,24.0,3437.71,5,12,1,0.0,21.11
34.23,57.18,1696.71,5,7,0,4.53,21.58
21.41,85.56,817.76,7,10,1,1.69,14.98
23.79,22.75,1876.96,5,14,0,1.21,18.55
35.16,28.55,1508.61,8,9,0,4.62,23.61
32.54,51.65,3855.12,6,15,0,4.3,31.97
37.93,85.37,1684.73,5,2,0,4.77,20.47
32.76,42.13,3634.62,9,18,0,3.57,32.57
30.34,55.51,4056.68,2,6,0,0.0,20.11
17.53,22.91,2178.65,1,3,1,1.12,12.98
24.93,30.38,4130.77,8,10,0,2.24,26.99
22.16,89.06,1947.0,3,5,0,0.0,11.65
21.59,87.56,4352.72,7,18,0,4.33,33.34
41.27,20.35,766.09,8,18,0,7.26,29.06
25.61,86.63,3216.78,6,19,1,0.0,24.78
39.09,64.74,2424.64,9,17,0,8.08,36.04
32.04,80.75,1989.36,7,9,1,4.81,25.62
36.46,51.83,2994.12,5,12,0,6.28,31.41
28.57,56.09,3285.81,8,19,0,2.01,27.76
30.58,54.22,417.89,2,11,0,4.43,16.11
28.3,66.68,1084.51,7,14,0,2.24,19.76
20.27,29.78,3323.49,4,18,0,1.2,24.78
34.51,22.1,3132.18,9,19,0,1.03,27.97
22.58,41.56,4360.79,1,11,0,0.0,21.54
15.66,69.33,3520.25,7,17,1,2.0,27.58
32.43,34.13,4298.17,6,6,0,2.61,27.3
19.78,67.14,3280.42,8,14,0,0.0,22.25
40.39,87.89,1622.01,5,19,0,5.9,28.62
40.76,26.57,832.0,1,18,0,4.49,21.83
39.7,67.08,3605.48,1,10,1,2.15,25.49
24.99,51.06,3041.01,9,15,0,1.2,23.99
15.42,80.77,597.56,6,18,0,0.0,14.16
40.06,32.4,1876.21,5,5,1,6.58,26.01
26.56,68.48,4322.88,1,19,0,1.9,27.35
41.1,78.67,2451.64,6,16,0,7.12,33.81
41.02,86.12,2174.19,6,12,0,9.05,33.93
38.03,67.83,2276.57,3,13,0,5.63,27.34
22.95,54.8,1256.42,8,10,1,0.0,15.34
25.4,63.25,1911.7,1,14,1,1.24,17.4
37.98,80.82,1916.23,1,16,1,7.15,29.99
23.56,59.94,614.66,6,16,0,4.01,19.28
19.58,22.13,3547.03,1,6,0,0.0,16.55
30.03,85.17,2107.67,6,15,1,3.54,24.63
40.28,68.27,3770.94,1,18,0,7.44,36.31
33.79,67.36,3886.43,6,19,0,2.61,31.62
30.39,35.1,1269.18,3,4,0,3.5,16.19
17.62,66.12,3095.15,8,3,0,0.0,17.9
31.61,47.57,2336.36,6,2,0,0.33,14.69
41.73,65.59,4008.64,1,11,1,7.98,36.81
18.78,27.46,1284.54,5,18,1,0.0,16.05
28.99,66.05,3179.03,8,13,0,3.4,28.06
38.69,89.96,2891.78,3,2,0,6.19,25.82
35.0,23.37,1610.74,6,13,0,3.05,22.42
33.82,88.4,960.06,5,18,1,4.52,23.71
33.97,48.48,3071.72,6,4,0,2.19,22.39
24.71,80.95,3428.25,1,12,1,4.35,25.47
22.93,74.77,1694.07,7,18,0,0.0,18.08
36.85,59.69,3043.81,9,4,0,5.23,28.06
36.87,71.69,2020.04,2,9,0,3.54,20.32
38.41,81.5,3324.15,5,5,1,7.28,32.02
39.66,48.29,1216.78,4,8,0,5.89,23.74
28.81,42.89,4049.88,6,15,0,1.9,29.17
28.54,66.73,1578.38,6,15,0,4.55,23.84
36.55,76.55,1907.92,2,5,1,5.58,23.28
32.55,73.36,638.18,2,17,1,5.22,22.15
33.95,75.85,857.2,4,2,0,2.69,13.68
36.49,50.49,2515.03,1,18,1,2.69,25.07
39.03,77.25,1497.13,9,11,0,6.56,28.61
24.13,28.41,3825.47,7,17,0,0.74,26.37
25.14,58.11,460.24,7,17,0,2.97,18.08
17.54,20.4,1954.29,3,9,0,0.0,13.58
30.61,42.72,1783.12,3,8,0,3.95,19.67
15.97,45.65,479.24,1,7,1,0.0,8.03
27.57,47.73,909.91,3,17,0,6.3,22.87
29.65,68.68,2095.93,3,17,0,2.89,22.53
22.74,47.2,2420.74,4,8,1,2.31,20.3
30.95,51.41,2057.59,4,10,1,1.98,20.28
15.82,36.63,2576.84,3,15,0,0.0,18.63
16.01,46.13,2840.04,8,12,1,0.0,21.08
37.21,35.91,440.69,8,15,0,6.64,26.0
24.73,25.12,2302.79,1,8,0,0.86,15.07
18.43,62.24,4350.35,7,2,1,0.0,22.23
29.1,66.77,2528.03,2,14,0,4.43,23.71
35.79,63.36,3177.92,1,4,0,2.8,20.52
20.83,52.44,1678.64,3,5,0,0.0,11.62
31.82,46.59,3573.36,4,12,1,4.85,30.05
17.3,80.43,3568.98,6,3,1,3.3,23.57
16.4,56.34,2537.31,5,15,0,0.0,18.46
29.35,53.54,4401.66,4,13,0,4.3,30.97
29.6,21.79,914.76,8,18,0,2.99,21.09
32.21,43.89,469.49,4,13,0,7.95,24.98
34.6,46.61,3557.65,2,13,0,1.37,24.03
41.35,47.92,3709.34,3,2,1,7.31,31.67
28.94,60.61,892.85,6,14,0,0.0,14.6
23.72,57.35,1488.89,8,15,0,0.0,17.35
36.47,62.55,471.96,8,3,0,6.08,20.57
22.31,73.54,1602.57,9,13,0,1.05,19.05
26.85,76.91,3569.88,7,17,1,1.71,27.69
17.12,70.27,2523.64,2,5,0,0.0,13.29
15.68,86.89,1827.19,8,9,0,4.76,23.14
40.99,21.28,1924.13,7,3,0,6.48,25.82
37.57,33.7,405.55,8,11,0,6.88,24.58
33.79,20.53,1629.18,3,10,0,3.3,19.8
26.04,65.32,3050.48,7,16,0,2.6,26.5
19.68,82.86,4394.2,9,14,0,0.0,26.04
19.22,37.04,3872.95,3,18,0,0.0,23.9
21.76,84.89,496.74,6,17,0,4.22,19.7
29.83,24.22,4084.1,2,3,0,5.63,27.51
34.29,85.41,3611.11,2,15,1,5.04,31.56
32.83,44.61,3599.54,5,4,0,0.0,20.31
22.56,27.1,2277.78,5,13,0,0.13,18.03
40.78,54.01,2031.82,7,9,0,12.33,38.07
34.92,37.97,1641.95,2,3,0,4.51,19.0
29.97,39.94,669.35,7,5,1,5.53,19.93
31.52,41.51,1335.76,5,15,0,6.72,26.35
26.33,76.21,1411.07,6,17,0,2.55,20.94
21.69,57.74,2384.72,8,3,0,0.0,15.44
24.61,41.79,3464.52,4,13,0,0.0,20.62
35.46,62.72,2342.62,7,15,1,6.52,32.15
15.39,70.13,637.16,6,7,0,0.0,9.91
18.13,39.08,4326.94,2,14,0,0.0,22.68
16.24,48.95,4265.17,8,5,0,0.0,22.73
16.1,28.53,3619.28,9,19,1,0.0,26.99
38.1,32.68,4464.44,5,13,0,6.1,37.17
34.0,67.68,2632.38,4,9,1,5.2,26.13
27.8,32.7,4347.35,6,8,0,0.37,23.59
17.64,56.76,709.98,8,17,1,1.61,18.39
28.27,69.63,1899.29,3,7,0,1.56,16.09
27.78,27.48,1324.06,1,12,1,0.0,13.23
19.68,59.71,1202.92,4,6,0,0.0,10.53
26.71,37.96,977.29,4,17,1,2.31,18.21
25.76,87.4,2951.9,1,8,0,2.24,18.59
31.63,53.85,3603.42,9,6,0,6.6,32.27
32.15,76.42,2771.02,3,12,0,3.58,23.79
16.22,58.52,1002.55,5,16,0,0.0,14.03
25.11,23.04,3725.61,6,4,0,0.0,19.24
31.9,64.32,3007.41,8,6,1,5.61,28.62
28.58,86.6,1991.48,6,6,1,3.23,21.04
38.13,62.11,3163.93,3,10,0,5.2,28.96
32.78,77.34,1465.61,6,16,1,0.45,18.69
19.4,81.89,1815.29,1,4,0,2.69,13.81
16.91,35.97,4161.69,4,7,0,0.0,19.76
32.35,34.84,1591.07,6,18,0,2.93,23.06
15.72,62.77,2326.95,7,9,0,0.0,17.16
30.82,48.77,4049.58,3,12,1,1.21,25.41
40.39,78.79,3301.66,9,7,0,3.81,29.28
30.54,83.0,655.03,7,9,0,0.0,11.78
25.48,44.74,1003.94,1,11,0,3.27,15.57
32.37,36.58,432.15,2,4,0,3.03,11.84
27.37,74.64,2986.78,1,15,0,8.31,31.4
29.73,39.24,2235.46,9,15,1,1.26,23.54
40.42,77.58,950.53,9,11,1,4.96,24.89
25.42,49.66,4327.53,7,13,1,0.68,26.57
40.95,66.73,2571.6,3,7,0,7.47,29.66
39.44,26.69,1391.76,5,13,0,5.54,25.7
20.29,63.67,2452.47,4,15,0,1.32,20.58
16.87,51.62,3186.44,7,3,0,0.0,17.45
17.72,61.06,712.58,9,10,0,0.0,12.93
15.49,31.76,1526.29,2,11,1,0.0,12.6
17.55,71.58,3708.56,8,18,0,0.0,25.45
33.44,80.4,2284.63,9,18,0,3.44,28.16
16.92,35.17,2640.97,9,4,0,0.0,17.68
23.61,26.7,2174.55,7,2,0,0.0,13.82
37.81,21.65,579.99,9,13,0,8.42,29.45
15.63,64.94,1079.57,9,8,1,1.0,15.84
36.99,62.5,2226.72,3,5,0,4.99,22.53
22.61,58.27,1257.66,4,11,1,0.0,13.44
18.19,36.24,604.91,2,14,0,0.0,10.71
33.81,47.36,3858.96,3,3,0,3.4,24.06
31.98,61.61,4422.89,5,11,0,2.68,28.9
38.69,54.77,3651.89,5,5,1,4.84,29.38
34.85,89.14,3900.52,6,19,1,3.64,34.48
36.69,29.55,1392.11,7,6,0,4.79,21.23
22.61,68.66,4338.57,7,3,0,0.0,21.64
19.79,48.3,1207.4,1,13,0,0.35,11.87
35.27,49.97,4300.86,2,18,0,5.81,34.76
36.78,70.23,4478.76,9,11,1,3.77,35.12
41.74,68.47,3318.06,2,3,0,9.79,33.59
26.14,89.39,4422.69,6,7,0,0.09,23.4
25.04,28.99,2735.11,1,9,0,0.0,15.55
35.96,27.29,1464.12,3,12,0,6.08,25.32
24.2,70.7,2191.68,2,13,0,0.0,15.73
40.13,60.49,2833.6,3,10,0,7.35,30.94
38.18,39.19,699.63,5,3,1,1.25,13.48
26.58,25.56,2951.61,6,9,1,4.98,27.52
35.27,26.0,4422.83,9,12,0,6.44,37.44
35.37,82.59,1179.44,4,5,1,2.12,15.73
17.78,33.43,3649.64,7,11,0,0.0,21.94
39.37,42.64,4122.39,6,17,0,9.8,42.27
28.64,35.87,4269.18,2,9,0,1.41,23.72
37.31,44.85,4336.56,8,5,0,4.1,30.32
23.64,24.86,2537.98,7,11,0,0.0,18.38
39.18,56.33,4406.96,7,13,0,5.69,37.11
25.51,24.73,3504.97,8,15,0,1.38,25.67
15.29,76.02,1062.85,1,17,1,0.0,14.31
39.45,36.36,2355.29,1,19,0,3.68,25.78
17.46,57.8,3345.16,8,13,0,0.0,22.83
23.62,81.61,1414.1,4,19,0,2.11,19.75
40.65,65.56,3026.52,5,8,0,8.9,33.58
40.67,57.31,3133.06,8,8,0,3.75,29.48
30.48,42.7,1067.07,5,10,1,5.66,22.41
32.06,43.31,2716.85,4,2,0,4.09,21.06
27.11,66.86,3563.67,6,7,0,4.55,26.37
22.92,89.59,2445.47,5,7,0,0.83,16.61
23.87,66.33,449.62,7,13,0,0.0,12.15
33.16,59.04,437.06,7,13,0,4.08,19.95
35.31,71.15,1863.82,4,11,0,7.22,27.39
36.37,52.56,4197.4,5,7,0,3.67,29.32
36.32,24.21,1337.57,3,18,0,4.66,24.26
17.46,59.36,3000.89,4,19,0,0.0,20.83
28.35,87.03,1310.51,4,7,1,0.0,12.58
16.55,32.27,1718.85,3,11,0,2.19,15.97
29.84,68.3,3876.97,5,9,1,1.48,25.15
26.92,34.07,3388.33,5,7,1,3.32,24.36
38.97,57.51,791.14,7,8,0,6.15,23.42
24.47,26.77,2157.68,4,2,0,4.01,18.53
18.16,51.53,519.6,4,19,0,0.2,13.25
18.86,72.93,2371.65,9,13,0,0.0,20.03
35.56,44.33,3115.98,6,17,0,3.4,29.23
31.69,66.54,885.86,4,11,1,5.49,22.43
17.73,75.68,1584.43,2,11,1,0.0,13.34
17.27,84.9,2031.13,6,15,0,0.38,18.01
33.93,36.42,4170.08,2,11,0,2.44,27.03
16.96,47.95,4472.35,5,11,0,1.49,25.87
37.19,30.67,584.14,6,12,1,6.05,23.73
34.07,89.47,3520.13,4,3,0,5.98,27.52
17.2,84.89,1924.07,3,9,0,0.0,13.5
17.29,57.8,2009.08,7,8,0,0.0,15.93
41.64,78.94,3492.49,2,9,0,5.49,29.03
25.11,56.47,4165.55,6,2,1,3.05,25.09
25.01,63.65,4298.81,4,3,0,2.0,22.78
36.95,26.24,2766.2,6,19,0,8.01,36.3
40.58,72.87,1864.2,4,16,1,7.67,32.55
41.62,28.94,3628.95,4,2,0,5.27,28.1
35.34,77.82,1429.11,4,6,0,3.52,18.44
25.16,74.74,2712.7,9,3,0,1.93,19.9
17.25,69.61,1870.17,7,4,0,0.0,13.37
35.98,22.53,3092.19,3,19,0,8.67,36.46
30.08,41.22,1385.64,3,19,0,4.24,23.3
26.45,38.42,1185.53,6,15,0,4.61,21.89
39.47,45.21,4164.78,6,9,0,3.33,30.13
18.0,26.13,817.4,4,13,1,1.82,15.25
28.3,85.59,2474.43,9,11,1,7.23,31.99
15.31,58.77,1305.5,4,18,0,0.0,14.26
27.65,41.39,559.61,9,12,0,4.09,20.0
16.52,47.79,547.68,4,3,0,0.0,7.04
18.21,51.3,1118.41,2,5,0,0.0,8.06
18.17,62.04,3953.76,2,2,1,0.38,18.47
32.53,56.1,1558.16,5,16,0,5.84,26.56
35.14,84.36,4296.88,4,14,0,3.85,31.96
30.75,54.79,2784.65,7,9,0,5.92,27.34
40.98,89.45,2190.12,5,5,0,3.66,23.03
25.12,79.6,2778.36,6,11,0,0.0,18.39
22.71,34.6,2518.46,4,19,0,1.18,22.04
38.45,85.14,3510.98,2,6,1,6.2,30.19
21.04,28.15,1558.23,9,17,1,0.0,18.94
41.01,77.22,1847.51,7,2,0,8.62,28.86
15.33,46.64,4065.79,4,13,0,0.0,22.6
41.19,81.46,4280.47,3,3,1,8.78,35.34
16.17,80.76,4059.49,3,9,0,0.0,21.1
39.06,76.41,2119.74,9,19,0,7.56,35.01
29.25,75.3,3599.5,5,17,0,2.19,27.09
41.81,41.33,2352.98,3,6,1,11.38,34.81
16.99,25.66,2439.91,5,14,0,0.0,18.34
29.95,48.21,1239.19,2,4,0,7.53,20.99
41.17,32.15,2823.63,4,9,1,7.13,31.96
29.12,68.65,1163.16,2,13,1,0.29,13.6
31.99,44.23,1759.42,2,3,1,6.73,22.07
33.79,88.29,3905.62,8,12,0,4.85,32.8
27.27,64.87,1249.01,1,13,0,4.13,19.27
31.94,77.57,691.75,7,19,1,6.43,27.19
30.78,29.28,682.93,5,14,1,4.27,21.17
39.33,80.34,4257.22,8,6,0,5.26,33.36
16.23,84.59,2478.37,1,13,0,0.69,16.81
22.59,54.09,2078.59,7,3,1,0.86,15.63
40.66,62.44,3724.6,5,6,1,8.26,35.57
39.04,73.54,3826.89,4,8,0,2.04,26.06
27.3,32.24,1761.98,7,13,0,3.33,22.58
31.74,55.18,3243.83,2,17,0,2.64,26.06
22.49,47.91,3561.6,1,9,0,4.14,24.65
20.08,30.25,3084.07,1,10,0,1.27,18.3
27.52,45.73,1021.54,1,16,0,2.99,17.12
24.54,24.77,3991.12,5,6,0,2.49,23.64
30.76,21.81,2610.29,7,14,0,1.59,23.46
17.1,29.46,1558.14,2,6,0,2.28,13.87
41.31,87.42,2143.44,8,12,1,11.09,38.93
41.63,58.47,554.04,4,11,0,8.0,25.19
33.85,87.61,924.25,3,14,0,7.8,25.66
29.47,50.27,3538.74,8,10,1,2.02,26.8
23.36,41.83,400.05,2,15,0,0.0,9.51
36.97,55.43,2107.92,3,19,1,5.74,30.78
33.49,50.77,2542.29,3,16,1,5.37,28.81
19.39,27.4,624.0,1,11,0,0.0,8.17
39.6,64.86,4389.62,6,8,1,7.61,38.03
37.21,35.12,1327.11,2,9,0,6.35,23.0
40.64,63.37,1647.21,1,4,0,4.88,20.01
34.59,65.51,1646.16,2,16,0,5.9,26.06
31.56,30.64,1344.71,6,17,0,5.58,26.27
26.29,24.29,406.04,4,5,1,2.44,12.19
40.18,74.65,3390.31,6,7,0,9.03,35.87
38.38,52.19,4364.07,9,2,0,3.69,30.02
16.22,24.07,1319.6,8,5,0,0.0,13.11
15.71,89.64,3118.49,1,12,0,0.0,17.1
25.16,24.04,3441.77,8,13,0,0.0,22.76
36.88,68.65,3878.54,9,6,0,4.37,30.78
41.66,88.86,2132.78,6,17,1,5.33,31.37
19.06,36.74,1642.02,5,14,0,0.0,15.24
31.04,29.96,1733.71,6,14,1,3.25,22.57
25.28,28.5,3321.75,6,18,0,3.44,28.55
41.19,41.23,3748.8,9,8,1,6.42,35.98
37.74,27.07,1144.62,4,9,1,2.74,19.47
37.63,68.45,1920.86,2,14,0,8.16,29.26
27.65,24.36,4097.95,9,17,0,0.88,29.27
26.2,55.66,3707.44,2,5,1,1.95,22.27
22.38,89.77,4437.92,9,9,0,1.69,27.27
16.52,76.98,3492.42,2,17,1,0.0,21.73
38.35,63.07,2012.1,8,11,0,8.3,32.07
36.95,41.44,2821.62,9,13,0,6.61,33.41
41.99,63.67,3110.16,9,13,0,5.61,34.1
41.91,56.89,721.67,9,6,1,11.66,32.74
30.0,49.83,2632.44,2,17,0,3.72,25.78
35.76,29.15,3308.22,4,2,1,4.96,25.77
40.51,82.06,1086.02,7,10,1,8.76,29.47
37.94,51.48,3600.59,2,13,0,6.48,32.95
21.68,33.62,2793.47,1,6,0,1.36,15.34
27.16,45.74,4304.11,3,4,1,7.37,31.66
18.49,48.99,573.93,4,6,0,0.0,9.56
40.76,77.93,1487.84,8,3,1,6.28,25.53
31.37,71.35,2866.37,6,15,0,4.02,27.41
21.17,73.85,1615.9,2,3,0,2.53,13.36
33.14,20.77,3329.14,9,14,1,1.37,27.65
31.69,49.13,3511.92,2,8,0,0.0,19.31
24.67,53.69,820.32,5,11,0,0.38,12.47
18.07,21.34,2506.8,4,14,0,0.0,17.54
33.13,38.19,2486.45,7,17,0,3.53,28.18
29.05,73.22,1914.05,8,15,0,4.02,25.32
35.85,29.6,4224.99,5,12,1,3.5,31.9
29.04,57.47,3792.78,5,11,0,0.16,22.34
38.01,35.06,3258.56,2,7,0,6.14,28.99
29.9,20.85,3328.74,8,5,0,5.03,27.51
30.15,36.88,2293.04,2,2,0,0.0,12.58
38.67,88.31,4176.08,6,8,0,7.86,36.28
25.89,76.11,3247.84,8,10,1,3.6,26.81
18.62,87.17,3388.82,6,9,1,1.45,23.14
15.78,54.15,3932.93,4,6,0,1.03,20.88
35.39,27.68,1523.69,4,11,0,9.53,29.52
31.75,58.36,3708.99,6,12,0,3.2,28.06
34.01,51.81,1200.49,4,16,0,4.89,23.82
20.75,79.1,1815.9,8,7,0,0.0,14.6
18.68,26.87,1776.0,9,16,0,0.0,18.77
15.39,54.18,4411.95,1,6,0,1.53,21.91
24.47,30.5,3911.8,4,11,0,0.0,20.67
30.93,42.73,3274.8,4,13,0,1.92,23.59
25.59,71.61,3380.93,2,5,1,4.62,24.25
26.81,53.32,2704.5,6,19,0,4.31,28.15
39.41,46.31,4283.07,3,17,0,5.74,36.5
24.4,47.61,2434.66,7,9,0,3.18,22.37
28.88,52.16,1960.12,5,5,0,3.64,19.56
36.16,74.95,1068.44,4,13,1,8.39,29.1
25.71,82.45,3623.44,5,3,0,2.05,20.96
31.8,86.87,3411.22,8,5,0,5.98,29.96
38.28,75.08,1975.86,3,6,0,11.38,31.98
40.64,42.08,503.29,7,4,1,8.08,25.8
18.97,68.17,3839.89,6,10,0,0.0,22.59
40.02,50.63,446.81,1,19,0,8.12,26.77
28.29,37.83,3285.17,7,12,0,2.03,25.11
21.97,78.86,4378.05,7,4,0,5.43,30.39
27.4,22.69,2194.41,1,3,0,2.83,15.67
41.46,83.12,1363.39,9,10,0,6.61,27.99
28.3,52.3,3289.97,6,15,0,1.1,24.62
23.88,64.6,3750.23,2,5,1,3.49,23.56
32.1,66.15,2640.36,5,10,0,5.77,27.45
21.48,82.66,4364.84,4,14,0,0.0,23.82
17.05,64.57,611.84,7,19,0,0.17,14.71
18.48,62.98,2469.66,8,16,1,0.0,21.53
18.46,24.67,3345.66,1,11,0,0.0,18.41
19.1,56.29,3936.83,5,17,0,0.61,25.24
18.75,30.51,1134.95,3,13,0,3.0,17.55
32.3,71.62,3680.01,1,6,0,2.56,22.19
19.91,55.86,2666.1,3,3,0,0.0,13.17
24.33,67.62,2025.87,6,11,0,0.0,16.13
39.21,22.92,940.03,7,2,1,3.73,18.64
27.8,25.94,3947.71,8,8,1,5.27,31.93
33.02,70.14,1044.82,4,18,0,7.44,27.14
19.65,25.05,1670.13,3,17,0,0.52,17.2
20.19,24.99,1589.19,5,4,1,2.51,16.74
16.1,20.85,3972.8,9,15,0,0.0,25.73
19.56,86.96,3158.08,6,11,0,0.0,20.43
22.52,71.63,3666.39,9,8,0,0.17,21.76
19.78,44.73,1426.92,6,18,0,0.0,17.39
17.39,40.76,2961.98,2,7,0,0.0,16.09
18.26,44.48,2744.16,5,5,0,0.0,15.99
27.44,74.23,3814.6,9,18,0,2.4,30.5
20.57,66.3,4114.96,8,10,0,1.68,25.06
24.84,32.96,449.84,7,5,0,1.8,11.44
28.59,32.19,3163.48,1,8,0,2.54,20.52
33.64,26.89,612.53,4,3,1,2.8,13.59
16.06,66.22,2650.32,7,18,0,0.0,21.58
36.58,73.51,1579.29,7,9,0,7.0,27.02
31.95,38.55,1657.78,6,16,1,1.7,21.33
17.21,21.47,1847.13,8,16,1,0.0,18.93
38.59,25.75,2947.3,6,9,0,6.66,30.85
39.86,87.75,1769.6,3,17,0,5.19,27.4
16.65,40.68,3404.07,4,12,1,0.0,20.68
22.48,73.85,2058.56,3,3,1,1.29,14.09
36.77,63.73,680.25,1,18,1,3.32,19.92
35.2,46.74,3613.42,5,17,1,5.77,34.97
19.98,34.4,1571.61,1,16,0,0.0,14.32
20.65,28.5,2174.34,1,14,0,2.34,17.64
25.0,63.05,3210.32,2,16,0,6.34,30.03
28.08,74.22,1763.07,4,5,0,0.97,14.53
31.69,65.07,632.0,6,17,0,4.97,22.27
24.96,57.12,1933.08,8,13,0,0.2,17.55
27.49,22.94,4272.24,3,5,0,4.58,26.93
35.18,87.79,3031.11,1,4,1,2.53,20.53
15.99,75.91,3153.06,3,18,0,0.0,21.3
21.82,40.5,2992.36,3,19,0,0.0,20.3
34.26,88.6,1215.87,5,19,0,4.34,24.07
39.17,62.13,2115.17,4,18,0,4.33,28.19
28.82,60.77,3478.85,4,13,1,4.58,28.86
29.37,72.37,815.63,9,5,0,1.45,14.76
17.89,76.82,1539.2,7,13,1,0.4,17.38
27.08,65.95,1532.91,4,16,0,1.67,17.71
29.38,28.97,2171.28,3,17,0,2.9,23.01
21.55,43.68,4419.51,6,6,0,0.81,23.3
22.27,84.97,676.76,3,16,0,0.0,11.97
25.19,35.72,2526.67,6,18,1,2.15,24.78
15.54,46.05,1135.4,9,19,0,1.57,20.44
23.7,50.25,4379.77,6,6,1,0.0,23.08
20.71,50.76,864.54,4,14,0,2.58,16.82
23.84,62.91,2054.76,5,14,1,4.28,24.33
18.23,86.02,3425.33,6,19,0,0.0,23.47
39.04,36.85,3288.67,3,15,1,3.44,29.04
31.03,28.51,2133.19,8,5,0,4.28,23.91
33.34,33.82,1820.75,4,5,0,3.35,19.05
36.31,82.08,2030.21,8,14,0,9.17,35.34
28.46,65.21,1483.53,3,13,1,2.89,20.03
17.35,40.01,1241.87,7,8,0,0.0,12.94
29.5,77.12,2380.46,9,13,0,0.87,21.97
30.84,80.3,1500.99,4,5,1,5.79,21.65
35.13,79.26,1578.59,8,3,0,3.9,19.64
26.65,84.32,3092.7,3,3,0,2.31,18.81
18.44,37.66,4371.0,7,6,0,1.39,25.04
22.66,72.85,2874.91,3,11,0,0.0,17.24
24.8,52.24,715.62,7,11,1,1.51,15.51
32.44,78.94,709.89,6,10,1,4.11,20.17
30.41,70.99,4300.84,2,14,0,4.84,30.91
24.61,74.35,1618.89,3,8,1,2.72,16.8
41.64,65.93,777.47,6,6,0,6.77,23.07
31.36,32.42,2856.08,4,11,0,3.91,24.73
21.41,58.15,2956.96,6,11,0,0.0,18.74
17.75,88.93,3058.87,1,7,0,0.0,15.14
19.13,85.62,1496.35,1,9,0,0.22,11.99
21.64,23.02,461.95,3,2,1,4.33,12.77
19.34,31.54,4356.56,8,18,1,0.0,28.57
20.04,29.22,1428.66,8,8,0,0.0,13.76
22.7,70.82,3171.71,4,15,0,0.0,21.04
19.68,77.24,3297.18,6,18,1,1.34,26.53
39.21,34.95,2901.03,8,10,1,7.3,34.61
17.17,55.41,1682.92,7,18,1,0.0,19.23
29.16,78.85,1511.49,7,6,0,1.22,15.51
26.08,71.3,2850.44,4,9,1,2.21,20.96
41.52,57.96,3950.99,9,7,0,4.05,32.62
18.03,61.32,4281.61,6,12,0,0.0,23.77
25.74,55.59,834.21,3,5,0,3.66,14.18
41.18,40.83,1034.8,5,19,0,4.56,26.04
38.37,59.55,4273.42,5,2,0,3.06,26.58
37.06,68.22,3419.79,5,14,0,8.85,37.6
21.96,81.13,4020.27,8,15,0,0.0,25.71
19.61,64.54,1230.79,9,2,1,2.14,16.11
33.05,73.28,2809.1,9,12,0,4.04,28.15
40.09,31.21,3274.67,6,18,0,6.37,35.18
30.03,52.31,3188.46,6,5,0,4.22,24.76
30.43,20.65,2073.42,9,13,1,1.71,23.15
22.56,37.27,463.12,4,11,0,1.12,11.64
35.78,70.85,2790.0,6,7,0,4.5,25.84
20.05,89.43,1437.72,4,2,0,0.0,8.83
23.74,26.94,2246.04,1,8,1,1.92,17.06
26.49,48.1,4326.08,7,17,1,1.64,31.06
28.71,76.0,2036.04,6,15,0,2.59,22.6
21.55,34.28,3843.19,9,7,0,0.0,22.35
18.1,58.86,1173.02,7,6,1,2.55,16.66
31.49,71.31,3157.09,7,19,0,5.58,33.45
22.79,63.12,4405.73,2,16,0,2.86,28.75
30.69,33.16,817.76,9,7,0,2.95,17.75
19.17,44.88,434.11,9,2,0,0.0,8.62
27.99,74.87,2177.69,6,2,0,6.57,23.19
29.38,58.8,779.76,3,14,0,3.0,16.98
16.4,20.37,3468.38,1,4,0,0.0,15.79
24.09,73.27,4149.65,4,11,1,2.2,26.2
18.63,22.47,2179.49,3,4,0,1.88,15.31
16.71,72.2,1460.72,1,10,1,0.0,12.34
41.73,34.17,2181.05,3,9,0,9.8,32.75
23.7,87.07,3366.14,4,4,0,3.4,22.43
36.87,45.76,437.12,8,14,0,3.47,20.67
21.88,42.89,2816.76,9,7,1,0.0,18.97
33.4,30.42,2914.5,3,14,1,6.38,30.73
35.53,41.39,3014.52,6,13,0,0.0,22.37
31.08,81.37,1392.29,5,14,1,3.4,21.12
27.73,89.74,3327.62,6,3,0,0.0,18.39
26.12,45.78,774.71,4,17,1,1.09,16.09
24.42,51.4,1217.01,6,7,1,0.88,14.12
40.1,70.54,3997.63,7,14,1,5.98,37.77
37.43,82.03,3428.76,9,18,0,4.7,34.42
41.06,61.51,456.36,7,10,0,4.82,21.7
18.36,47.41,1418.34,6,18,0,4.04,22.94
34.73,48.88,1279.07,1,3,0,8.65,22.81
40.34,68.69,1510.31,2,8,0,4.45,20.67
19.89,20.23,1415.0,1,11,0,3.13,16.98
16.8,63.37,656.36,9,11,0,0.0,12.94
35.01,44.88,2281.66,9,10,0,5.26,28.28
30.51,75.59,3404.21,7,18,0,3.38,29.47
37.73,26.51,2887.6,2,16,0,4.59,28.93
18.77,61.17,3158.77,6,3,1,1.56,20.29
36.47,53.67,732.71,4,5,0,5.74,19.39
20.44,64.96,4301.11,1,18,0,0.0,23.95
19.42,24.54,3837.82,1,6,1,0.0,18.65
19.44,60.6,3700.87,5,8,0,0.0,20.95
36.99,59.3,3774.23,2,19,0,2.38,28.45
32.96,59.25,4224.11,4,8,0,4.34,29.7
29.12,62.24,2631.44,1,18,0,0.65,19.9
24.69,67.35,1221.16,4,8,1,1.03,13.61
38.68,76.35,2928.81,6,5,0,8.97,32.85
25.6,38.89,3445.81,4,9,0,4.26,25.43
37.05,77.75,3425.46,1,14,0,5.62,30.35
26.86,54.88,2537.94,7,5,0,2.11,19.04
25.18,25.39,680.68,2,7,1,5.49,17.54
27.49,24.1,1921.56,9,6,0,3.54,20.39
23.14,43.4,4175.14,3,13,0,0.39,23.42
35.19,74.94,2796.24,8,5,0,2.21,22.54
28.57,69.54,2607.16,8,10,0,3.65,24.41
21.27,75.2,1502.3,3,5,0,2.08,13.71
39.29,56.21,1910.64,4,15,1,5.17,27.15
25.37,50.81,4070.92,2,6,1,2.37,23.41
29.68,30.32,3132.5,4,19,1,2.5,26.95
39.47,42.97,3628.29,9,11,1,6.12,36.06
31.85,50.38,2262.82,2,13,0,0.0,16.74
18.16,26.2,2984.01,3,19,0,0.0,20.87
40.38,35.44,1418.37,4,18,1,8.73,33.02
31.95,61.88,3292.39,5,12,1,2.72,26.24
24.04,71.5,2153.17,1,4,1,1.45,14.23
18.76,89.88,2214.44,7,18,0,0.0,19.48
36.44,85.32,3062.22,7,2,0,6.2,28.35
31.74,64.98,4238.75,9,16,1,3.48,35.1
29.4,49.49,662.43,4,10,1,1.26,14.89
39.14,64.53,3781.45,6,16,1,9.04,41.23
36.29,75.0,1598.77,2,4,0,7.29,23.44
19.1,28.28,2220.07,4,14,0,0.0,16.29
23.42,48.69,489.84,2,13,0,2.13,13.64
21.71,78.79,1634.29,5,2,1,1.64,14.32
35.09,46.87,2460.79,7,18,0,6.31,32.2
15.91,60.03,630.32,1,14,0,0.0,10.7
30.39,61.14,2413.49,7,2,1,5.48,24.33
35.59,32.91,4201.15,6,11,0,4.06,31.42
38.67,45.36,832.11,6,16,1,5.51,26.16
24.24,43.42,3534.21,8,8,0,6.69,30.59
37.17,21.83,2079.65,8,19,1,6.33,33.67
17.99,21.69,3086.21,6,17,0,0.0,21.66
37.85,78.22,1466.97,3,15,1,1.54,19.65
18.44,39.11,1053.92,5,19,1,2.26,19.44
25.73,56.27,1057.9,2,8,0,0.0,10.18
36.53,40.91,689.02,5,18,0,3.5,21.31
19.05,85.85,1161.15,9,19,0,0.0,17.43
21.19,38.15,3123.3,1,13,0,3.23,22.71
34.5,50.08,4014.93,5,9,1,6.38,33.74
34.44,81.09,3737.92,6,3,0,4.5,26.82
32.31,78.94,3209.05,7,8,0,4.72,27.48
33.74,33.03,852.77,9,5,0,3.38,19.0
29.65,76.19,1585.67,6,19,1,3.5,24.52
21.8,52.07,1670.21,5,7,1,0.75,14.66
24.33,53.81,1424.82,7,10,0,3.38,19.18
19.9,29.34,2511.52,1,10,0,1.9,17.56
39.53,25.64,2595.77,5,15,0,7.5,33.55
30.75,70.96,1863.23,2,9,0,2.86,18.63
25.82,54.75,1850.54,4,4,0,3.42,16.95
27.47,50.58,3797.08,7,19,0,2.31,29.22
40.58,71.07,3636.1,5,6,0,4.7,29.69
19.14,73.59,1661.96,6,15,0,0.0,16.5
30.83,31.12,4146.53,2,5,0,3.78,26.35
28.66,62.72,4306.54,3,8,0,4.71,27.95
31.51,29.47,1739.64,7,13,0,3.47,23.08
15.49,72.6,1853.14,2,3,1,0.0,11.94
38.55,65.99,2473.1,6,12,1,6.3,30.86
40.17,86.96,4258.6,5,15,0,6.95,38.06
30.26,24.83,3992.91,1,17,0,3.79,29.47
33.81,23.99,820.53,4,7,1,6.44,21.54
39.91,39.75,2010.2,2,5,1,8.67,28.37
34.1,38.32,2668.82,4,16,0,3.51,26.25
19.12,37.29,2462.84,1,2,0,0.0,11.26
30.56,83.44,1194.84,2,8,0,1.44,13.95
31.38,37.47,3921.15,8,13,0,5.19,33.52
26.45,39.04,3175.46,6,11,0,5.05,27.95
34.88,73.16,3835.42,2,6,0,4.33,26.98
40.23,51.48,3920.93,6,13,0,6.26,35.6
39.99,74.37,3468.26,9,19,0,9.6,42.74
27.17,24.58,2200.76,7,11,0,3.4,22.53
18.06,54.13,2903.24,9,7,0,0.22,19.32
41.59,22.35,1057.5,5,13,0,4.82,23.34
37.65,24.39,3161.95,7,8,0,7.24,32.43
18.37,83.45,1134.94,7,19,0,0.0,16.68
39.86,29.75,3245.19,3,3,1,4.35,26.67
38.49,57.27,1341.35,7,11,0,5.47,24.16
29.01,48.78,881.96,1,16,0,1.83,15.32
30.96,44.31,1077.67,9,13,1,3.21,22.79
25.77,82.99,408.17,6,18,0,0.0,13.76
16.48,21.53,3346.83,5,5,0,0.74,19.07
24.05,66.47,3402.84,7,8,0,3.61,25.49
36.68,87.44,2511.23,5,10,1,1.66,22.24
15.13,59.21,1061.59,5,8,1,0.33,11.64
24.0,85.58,742.57,7,3,1,0.0,10.06
25.75,23.66,478.43,7,7,0,3.63,15.18
29.51,49.32,1079.57,3,19,0,3.03,19.83
39.84,38.21,4052.51,3,7,0,6.67,32.58
24.35,71.16,1390.3,3,14,0,1.08,16.05
24.37,88.69,1852.51,6,3,0,3.88,19.16
34.91,37.96,831.92,6,13,0,2.49,18.78
27.21,65.79,1311.68,3,16,1,3.62,20.76
21.06,33.87,2528.82,3,15,0,2.56,21.29
27.22,59.57,2891.79,8,7,0,3.84,24.83
18.8,52.48,1405.94,8,19,0,4.25,25.38
19.76,88.04,636.7,7,6,1,0.0,10.72
28.46,62.6,2003.23,4,19,1,4.73,25.92
26.31,44.47,1360.23,4,4,0,1.89,13.5
39.7,27.99,1300.17,3,4,0,9.03,26.32
24.78,30.59,4335.44,5,11,0,1.58,25.09
30.68,35.77,2926.83,3,4,1,2.78,21.04
32.07,37.57,2683.2,8,13,0,6.64,31.69
15.35,79.54,2104.68,7,17,0,0.0,19.29
32.92,59.29,2158.67,3,18,0,1.48,21.38
19.81,56.64,2617.71,9,8,0,0.0,18.83
40.95,28.03,3255.36,5,14,1,8.22,37.11
19.01,80.21,3278.8,9,3,0,2.46,21.72
26.19,70.6,1103.95,7,5,0,2.29,14.03
17.3,24.74,2450.46,7,11,0,1.74,21.18
41.92,69.55,2089.03,6,8,0,4.59,25.68
28.56,58.05,3969.16,2,18,1,1.97,27.93
31.08,25.72,2988.82,9,7,0,3.11,24.97
16.81,52.08,2583.27,6,6,1,0.0,16.6
35.25,53.93,873.12,8,11,1,5.25,23.61
20.67,31.6,2883.12,1,10,0,1.6,18.34
39.25,86.2,880.54,5,14,0,5.53,23.33
20.54,79.5,1782.55,1,7,0,0.46,11.63
20.15,66.83,985.65,8,5,1,0.0,11.96
15.99,52.36,3237.5,8,4,0,0.0,18.64
27.75,48.82,1245.63,1,4,0,2.35,12.32
30.25,65.57,2006.62,9,5,0,3.13,21.25
16.77,58.18,4072.27,2,6,1,0.0,20.31
35.94,24.36,1237.7,9,9,0,5.38,24.9
27.24,55.88,2482.0,1,17,0,2.56,22.06
29.16,76.45,2119.01,9,4,0,2.19,19.28
26.9,52.15,474.31,4,13,0,4.85,18.04
25.82,23.64,3650.31,9,9,1,0.0,23.53
30.11,75.04,683.09,7,14,0,1.93,17.96
19.19,34.1,2344.45,6,5,1,5.29,23.69
19.91,38.1,2698.78,5,15,0,0.0,20.26
38.27,31.53,2976.55,9,15,0,3.38,29.54
40.55,43.12,3223.39,2,14,0,8.32,34.47
25.08,72.97,1438.42,2,7,0,0.0,10.95
22.31,56.36,440.91,9,18,0,0.3,15.72
32.39,34.34,3366.12,3,5,0,8.42,31.35
26.04,81.45,2596.19,8,9,0,0.0,18.45
15.69,81.57,3828.08,9,18,0,0.0,26.11
19.22,80.94,3767.69,8,4,0,0.0,20.07
34.33,36.72,3857.64,4,18,1,6.57,35.97
32.79,51.59,2388.89,1,10,0,6.51,25.34
15.73,88.95,1767.88,4,3,0,0.0,11.48
20.99,74.04,3645.39,9,14,0,1.7,27.15
21.24,21.9,2250.31,2,3,1,3.19,17.44
33.14,24.56,1152.11,3,12,1,7.96,25.81
15.53,52.48,3905.39,8,16,0,0.0,25.27
17.81,83.65,4018.5,6,12,1,0.0,23.5
36.6,57.71,2311.87,8,4,0,3.89,23.93
19.82,54.85,710.37,7,4,0,0.0,9.23
32.62,27.38,1990.09,5,13,1,3.69,23.76
21.43,65.97,3694.5,9,6,1,0.1,22.18
17.68,77.55,4097.27,4,8,0,1.47,22.8
21.57,46.63,1234.24,6,8,1,3.07,18.31
34.5,74.29,674.59,2,14,0,4.49,19.19
38.1,87.51,3997.14,2,10,1,8.23,35.53
37.42,34.26,1996.56,2,14,0,6.52,26.66
25.72,56.63,2621.22,7,13,0,2.04,22.63
33.04,40.1,4369.07,2,14,0,6.16,33.79
20.53,75.5,672.92,2,11,0,0.32,9.56
22.91,60.43,3058.1,9,2,0,5.09,25.6
39.2,64.42,703.83,7,9,0,3.52,19.84
15.35,75.85,1939.42,3,17,0,0.0,16.75
17.31,47.72,3695.64,3,14,0,0.0,21.96
20.61,84.06,2177.24,7,4,0,1.08,16.25
15.72,57.31,4488.45,5,4,0,1.11,22.39
19.9,31.06,2692.14,6,6,0,0.0,15.96
30.74,68.71,1716.76,8,12,1,0.74,19.9
26.38,75.53,1302.46,9,8,1,3.81,20.99
39.1,42.17,1837.13,1,11,1,7.88,28.53
37.07,80.0,1927.39,3,11,0,1.81,19.11
24.23,83.43,681.73,7,3,1,1.4,12.12
22.0,39.38,1915.25,6,4,0,0.0,12.68
25.25,88.85,2303.38,7,9,0,0.42,17.42
30.94,29.85,3363.22,8,12,0,1.84,26.54
22.24,34.14,3092.59,6,14,1,2.36,24.99
31.85,32.9,3305.94,3,8,0,4.18,24.74
26.05,82.58,434.29,2,14,0,0.0,9.84
29.91,65.8,1292.44,7,3,0,5.06,19.98
26.78,30.65,3112.91,1,7,1,0.0,16.93
22.95,50.82,2384.36,3,10,0,1.64,17.86
40.61,63.07,421.79,4,3,0,5.24,17.39
35.62,25.84,3698.43,1,19,0,4.47,31.46
18.78,81.77,3568.52,5,17,0,0.6,23.76
38.45,76.25,2648.52,3,13,0,7.19,31.13
28.16,55.36,672.5,2,8,0,5.39,16.87
39.15,87.7,3542.71,3,8,1,6.22,31.11
36.6,49.24,2793.23,8,18,0,6.14,33.79
26.48,88.89,3606.04,6,14,0,1.28,24.69
15.61,66.75,3482.16,7,12,0,0.0,21.89
22.25,64.43,3692.31,6,7,0,1.63,22.65
29.62,31.62,2523.83,6,15,0,3.01,23.38
32.1,81.73,975.33,3,7,0,0.43,11.29
21.96,49.92,3151.75,8,7,0,1.32,21.13
18.76,31.36,2943.94,7,3,1,0.32,18.39
37.54,20.88,3443.24,7,16,0,4.49,32.19
41.58,59.18,1096.51,6,18,0,4.62,26.17
29.19,56.92,1199.4,5,9,1,6.02,23.36
19.64,70.35,4050.68,8,6,0,0.86,22.67
22.35,82.32,3474.91,5,18,1,0.33,24.73
15.5,25.56,4123.74,9,2,0,0.0,20.72
39.69,71.2,3510.73,9,19,0,4.92,35.92
18.18,33.12,2848.34,1,16,1,2.0,21.87
30.57,80.07,3081.94,6,6,0,3.8,24.19
22.4,77.33,4045.42,7,8,0,0.0,23.27
29.96,57.86,2773.11,3,19,1,4.34,28.98
32.59,69.72,2992.8,7,7,0,2.57,24.09
37.4,42.0,1041.55,7,6,0,8.8,27.25
20.57,52.98,2343.08,2,11,0,2.9,18.91
15.3,77.51,3337.23,7,16,1,0.0,23.98
18.7,52.15,1510.87,1,11,1,0.0,13.17
39.3,45.05,1229.24,5,17,0,1.2,19.71
38.6,54.59,1686.69,9,13,0,3.24,25.28
31.13,77.98,1390.15,7,19,1,1.03,21.59
31.21,43.46,1281.14,7,2,0,4.01,18.57
32.96,32.16,2141.89,2,17,0,3.67,23.86
19.74,69.84,4122.14,8,7,0,0.0,22.1
39.69,77.82,2478.94,3,4,1,6.0,25.96
26.31,27.04,1170.47,8,3,1,3.11,17.41
25.34,36.79,715.58,3,3,0,2.84,10.68
29.01,29.94,3254.24,7,14,0,0.0,21.92
16.27,44.36,1969.47,2,10,0,0.0,13.6
19.49,51.52,3769.51,4,17,0,0.0,23.19
34.93,72.42,3103.99,6,6,0,6.78,29.9
17.24,65.58,3664.59,9,8,1,0.65,24.06
31.29,63.46,1514.98,5,14,0,1.97,19.13
21.62,44.67,3238.67,9,14,1,0.0,22.95
25.51,78.9,1482.65,5,8,0,0.91,14.93
22.79,52.99,4250.18,8,11,0,0.0,24.17
24.6,88.54,3009.13,1,16,0,2.21,21.82
34.41,64.39,1730.5,7,7,0,4.26,22.78
23.02,28.84,1505.0,4,6,0,2.95,15.68
30.29,67.33,1182.8,5,3,1,1.23,13.33
27.85,42.76,3248.03,6,16,1,1.38,25.86
32.92,68.04,1296.73,5,17,0,1.29,19.58
40.29,24.87,2840.74,1,10,0,4.76,26.03
34.78,32.24,1485.0,9,8,1,2.56,21.86
20.8,79.9,3114.07,2,5,0,2.26,17.92
15.84,35.9,3741.25,9,4,0,0.0,20.87
22.08,78.59,3589.9,2,12,0,0.94,20.84
31.07,39.55,3519.49,9,2,1,2.93,25.99
16.39,65.0,1169.66,6,7,0,0.0,11.76
28.4,68.59,762.38,9,12,0,2.46,17.95
31.11,55.89,3265.69,6,2,1,4.9,26.33
24.02,41.37,1910.22,6,8,0,0.0,14.92
35.81,34.89,2172.62,2,7,0,6.89,25.8
17.88,22.32,527.71,8,15,0,0.0,13.35
17.03,41.28,1464.26,3,3,1,0.0,10.19
34.66,65.72,538.07,7,5,0,5.95,20.15
28.38,85.68,4004.66,5,12,1,1.47,26.31
33.59,80.98,1397.93,3,16,0,4.6,23.48
26.74,73.62,2685.08,1,19,0,1.62,21.02
21.65,75.19,559.82,8,2,1,0.81,10.81
37.12,66.55,3134.07,3,4,0,0.94,19.27
36.58,38.22,1724.41,2,4,0,1.87,15.13
33.76,83.5,4081.47,1,8,0,5.82,29.49
22.35,66.95,4041.28,4,2,0,2.86,22.47
30.94,59.23,1733.69,8,12,0,1.82,19.06
24.75,27.77,4093.94,3,7,0,1.09,21.31
17.47,51.29,4484.25,1,4,0,0.0,18.7
39.77,52.23,3784.2,4,3,1,7.98,33.74
18.69,80.52,3863.97,9,19,0,0.0,26.66
40.66,58.27,1420.94,1,13,1,5.11,23.95
27.04,46.63,2764.48,2,11,0,1.68,20.16
20.0,88.38,675.75,9,6,0,1.41,13.66
29.63,27.75,789.16,2,10,0,8.21,23.23
38.57,49.58,4495.46,3,3,0,5.73,30.8
34.77,22.94,1739.22,7,3,0,2.11,17.83
36.78,71.79,3467.55,3,7,1,6.4,30.52
32.79,84.27,3707.33,9,11,1,6.9,35.89
33.69,39.6,3917.9,6,19,1,4.78,35.53
37.93,80.08,4490.28,3,13,0,4.16,32.26
21.74,40.46,1390.14,9,5,1,2.5,18.28
28.21,83.75,565.44,1,18,0,4.07,18.26
20.97,72.78,2085.89,3,16,0,0.0,17.1
41.67,76.34,933.33,1,7,1,7.99,25.1
40.49,21.26,491.95,2,17,0,8.82,28.19
16.06,87.4,1877.75,8,18,0,1.05,20.47
34.05,70.87,3613.33,7,4,0,4.55,27.96
39.98,41.33,2721.34,2,11,0,5.94,28.72
19.88,78.06,1682.39,2,6,1,2.41,15.78
30.33,39.71,3082.8,9,15,0,1.02,24.93
39.72,81.09,1351.27,6,14,1,7.45,29.76
15.92,27.88,458.96,5,7,0,0.0,9.23
33.83,69.26,3533.85,6,13,0,6.74,33.55
23.03,57.85,2957.35,9,9,0,0.49,20.58
39.96,26.76,3525.44,7,6,0,9.19,37.06
41.22,36.93,559.65,9,16,0,8.06,30.07
40.5,20.87,3832.19,4,17,1,4.39,33.76
27.8,52.81,2940.06,2,2,1,5.45,22.79
38.28,41.09,2709.92,8,17,1,9.19,39.21
37.8,61.89,2960.92,4,6,1,7.7,30.65
23.62,40.81,3944.18,9,4,1,0.0,21.95
37.38,40.99,2806.44,4,16,0,5.18,30.14
16.0,72.02,2781.9,8,14,1,0.0,22.19
31.1,23.37,4461.78,9,17,0,2.29,33.1
21.21,83.2,3502.59,9,12,0,3.79,28.37
18.26,79.66,2213.4,4,3,0,0.0,13.05
17.08,66.75,3300.33,1,7,0,0.0,16.18
33.8,61.53,1995.84,3,7,0,5.28,22.14
24.18,82.46,1338.39,9,15,1,0.7,18.74
34.57,32.97,2847.09,4,12,0,4.71,27.84
16.76,25.53,4205.55,5,9,0,0.0,22.18
23.51,36.77,4209.47,7,9,0,2.79,27.31
29.57,75.62,1801.81,5,2,0,5.43,21.02
36.35,22.43,2563.48,4,8,0,6.02,26.47
23.61,60.8,1267.71,2,7,0,0.52,10.3
31.9,89.68,4482.09,2,9,0,3.88,28.1
38.92,79.9,4422.58,4,9,0,6.35,34.79
31.63,56.5,3062.99,9,15,1,2.27,28.31
21.29,24.45,3698.1,8,19,1,1.59,29.73
15.66,78.2,3331.91,3,17,0,0.0,21.5
38.49,61.93,2831.95,9,10,0,9.25,36.34
15.57,28.05,618.73,5,16,0,1.04,14.52
38.62,26.57,2264.53,3,11,1,4.83,26.27
29.28,83.67,3166.62,5,17,0,4.73,29.14
40.35,66.84,3177.88,4,5,0,4.88,28.07
36.57,78.05,1929.8,8,14,1,6.91,31.73
41.94,81.53,4260.94,5,6,0,6.28,34.0
24.47,60.02,1086.16,8,8,0,0.0,13.07
35.71,56.22,2451.47,9,10,0,5.8,29.8
25.85,50.13,3232.62,4,9,1,0.0,19.29
27.96,42.19,3258.26,7,17,1,0.0,24.3
31.94,50.42,3059.42,2,7,0,3.63,23.07
38.59,74.17,1528.68,6,17,0,6.36,29.31
41.57,62.13,1040.45,8,7,0,6.45,24.94
35.74,82.48,3007.36,7,15,1,2.09,28.17
26.28,51.04,2857.14,7,2,1,0.46,17.68
26.38,62.5,1135.36,8,10,0,2.91,18.71
34.91,64.19,3291.07,7,14,1,6.14,34.61
21.45,61.42,2266.21,5,18,0,0.45,19.94
17.98,69.18,3137.82,7,12,0,1.64,23.35
24.57,36.62,3833.21,3,9,0,2.32,23.68
22.76,55.87,1095.89,5,6,0,0.0,10.26
23.0,27.3,478.49,7,11,1,0.44,12.98
21.31,46.92,3594.32,9,8,0,0.0,21.73
16.14,54.14,2899.76,2,11,0,0.0,16.68
15.48,65.66,3268.52,4,5,1,0.72,19.7
41.67,86.54,3836.44,7,10,1,8.59,38.75
26.55,62.05,3691.52,1,15,0,4.99,28.08
25.38,72.05,4339.77,2,3,0,1.19,21.05
33.35,55.44,2597.33,9,10,0,7.14,31.83
20.89,64.39,2402.83,7,2,0,0.0,13.9
40.65,24.97,2047.74,7,11,1,9.83,35.64
36.23,37.81,1030.13,6,11,1,5.37,24.52
17.41,45.33,2747.69,3,4,0,0.55,15.08
26.27,53.07,1535.75,3,7,0,5.04,20.28
38.74,23.2,4177.36,2,7,0,5.86,30.57
40.51,29.8,2791.08,6,3,1,7.27,30.59
27.62,39.38,2830.64,4,19,0,5.12,29.7
31.56,88.01,1855.19,5,3,0,3.59,18.93
19.51,43.19,613.16,3,13,0,0.0,10.66
41.76,53.74,530.15,6,6,0,11.54,29.71
21.26,33.73,2135.67,3,8,0,0.0,14.0
40.45,62.75,746.72,8,17,0,7.14,29.41
32.54,39.65,2888.07,9,2,1,6.49,29.21
31.41,34.49,4011.99,4,2,1,2.59,24.55
28.84,56.16,4019.95,9,18,1,0.93,29.66
21.23,20.39,3102.09,7,2,0,0.92,17.92
19.77,20.54,1266.05,3,14,0,0.0,12.94
20.95,35.33,3938.29,7,10,0,0.0,22.47
20.03,22.57,4032.98,1,16,0,0.5,23.5
36.05,27.56,1206.28,3,4,1,4.81,19.39
24.45,43.72,3423.45,6,15,0,0.0,23.45
16.56,76.18,1574.73,4,12,0,2.04,17.19
41.17,60.04,3690.83,7,13,1,7.26,37.95
38.86,55.89,4488.68,3,14,1,9.15,41.4
40.05,40.54,523.11,1,14,0,6.16,21.84
41.86,85.22,4079.2,9,2,0,5.53,32.54
19.7,47.79,2952.79,6,11,0,0.44,20.35
25.7,26.1,4390.87,8,4,0,1.47,24.62
35.47,63.19,2306.54,3,5,0,2.8,19.17
33.79,27.97,3874.29,8,17,0,7.54,38.41
19.16,44.17,655.82,2,9,1,0.0,9.41
37.03,55.52,1774.64,4,17,0,2.0,22.14
21.06,81.2,674.77,3,18,0,3.01,17.94
21.04,54.55,4398.91,1,16,0,0.0,23.03
29.5,69.16,3749.59,7,17,0,1.95,28.5
31.01,89.5,3895.44,2,16,1,0.14,24.65
30.66,29.2,4245.66,4,3,0,7.04,30.31
17.47,39.23,748.92,9,12,0,0.0,13.46
38.69,47.62,1980.95,6,2,0,6.35,24.39
22.17,49.53,691.24,8,16,1,2.55,19.01
18.5,48.77,1264.25,2,5,0,0.34,9.8
39.0,83.53,1340.4,7,12,1,6.21,27.62
40.8,69.98,2323.34,6,6,0,3.53,23.38
38.28,62.55,1501.1,9,4,0,4.47,22.64
36.86,41.66,814.01,7,14,0,5.99,25.87
32.69,77.67,1086.71,1,11,1,2.66,17.5
29.87,86.85,1003.83,8,12,1,3.7,20.7
17.35,77.48,4389.61,3,19,0,0.48,26.68
26.03,20.11,3513.1,2,3,0,3.93,21.95
25.06,64.55,4367.82,3,8,0,0.0,21.33
22.01,23.58,2202.94,6,10,0,5.06,23.78
34.53,38.03,1541.31,3,11,0,6.38,24.56
28.39,24.17,3673.0,5,19,1,2.79,30.07
17.19,62.27,1737.64,6,8,1,1.24,16.42
20.94,68.06,1627.47,8,8,0,5.05,21.84
33.45,28.01,1353.27,7,4,0,1.61,15.53
17.06,46.87,931.68,8,13,1,0.0,15.2
37.98,51.94,1451.5,3,8,1,1.24,17.03
28.37,45.83,1856.81,4,18,0,3.17,23.17
27.98,28.47,3163.38,6,2,0,3.39,21.83
31.0,49.33,656.52,7,6,0,3.59,16.78
37.27,72.58,1263.08,9,17,0,4.45,27.02
24.39,24.97,3717.0,1,16,0,0.0,21.76
33.31,25.61,1002.38,8,3,0,5.18,19.95
30.27,44.83,1804.85,8,10,0,6.34,26.49
22.21,85.92,3945.1,6,8,0,0.0,21.43
38.72,66.8,1035.19,4,5,0,7.12,22.42
36.53,67.51,739.22,3,19,0,2.37,19.35
32.78,45.33,2386.61,3,5,1,5.17,23.87
37.97,61.56,1639.92,6,14,1,5.2,27.52
38.42,20.71,2709.97,8,2,0,4.61,25.33
34.13,64.53,3695.6,7,4,0,3.19,26.11
37.6,83.93,962.31,1,17,1,5.08,23.12
33.83,62.88,2780.87,6,5,0,5.38,26.38
33.36,81.16,2472.59,7,17,0,1.83,24.93
31.7,70.68,990.72,7,2,0,3.11,15.49
35.32,28.44,2958.39,9,6,0,5.02,28.22
19.28,83.17,1521.93,5,12,0,0.0,14.35
38.78,24.65,2400.12,1,14,1,9.85,34.26
38.54,57.38,737.32,2,6,0,4.47,17.54
15.79,29.95,2284.29,4,5,0,0.0,13.46
37.3,20.82,1656.5,5,5,1,3.81,21.63
18.48,49.54,3771.76,9,5,0,3.09,26.29
24.05,40.65,633.61,1,5,0,2.46,9.94
35.07,54.02,2116.29,3,19,0,3.15,24.92
19.34,60.4,2279.57,5,19,0,1.99,22.43
37.09,23.06,3372.52,3,17,0,6.1,32.97
37.47,28.61,2754.58,4,10,0,6.34,29.98
28.7,59.1,3135.57,3,19,0,2.21,25.49
15.17,44.02,3585.9,4,3,0,0.0,17.3
22.75,71.04,3935.03,1,5,0,1.59,20.22
31.66,65.66,1686.89,8,13,0,2.8,21.95
41.49,79.19,2605.89,4,8,0,10.8,35.04
32.06,68.47,3844.44,7,16,0,1.48,27.87
22.01,50.1,4456.75,2,8,0,3.74,26.32
32.12,67.11,4047.03,2,18,1,3.82,30.5
29.58,39.28,1923.02,6,17,0,3.79,25.03
36.06,41.44,1200.18,2,10,0,7.02,24.56
17.89,75.23,2406.51,6,15,1,0.0,19.88
35.55,51.25,3440.73,2,18,0,6.91,33.58
29.61,75.89,2419.53,4,6,0,0.0,15.13
41.0,77.57,2381.04,7,3,1,5.56,26.79
24.23,80.03,3836.74,8,17,1,0.0,25.98
32.08,84.16,1881.76,3,15,0,1.52,19.81
40.16,50.17,3925.16,9,15,0,6.29,38.38
17.77,42.32,2067.9,2,2,0,0.03,10.27
40.31,60.75,1745.76,8,4,1,8.17,29.83
33.57,45.98,2261.36,8,8,0,5.01,26.57
16.83,62.08,3526.03,4,16,0,0.0,22.91
23.13,69.39,916.61,1,3,1,1.78,11.37
34.12,68.19,1205.32,1,10,0,4.96,19.41
16.82,46.22,4300.92,2,6,1,0.81,22.88
30.72,31.68,1119.52,9,19,0,5.13,26.52
24.34,50.14,2727.68,2,17,0,1.51,20.92
31.76,29.98,2775.19,2,5,0,2.13,18.93
16.24,82.31,2407.46,6,13,1,0.0,18.79
38.53,44.21,3043.46,7,8,0,5.08,29.33
41.28,30.81,1342.29,7,15,0,6.46,28.4
41.16,21.78,2665.92,9,13,0,7.59,35.11
35.24,65.21,1925.91,6,4,0,6.51,25.35
18.51,64.58,3112.84,8,6,1,0.0,19.55
